Timestamp,Accel_X (m/s^2),Strain (με),Temp (°C),Condition Label
2025-04-19 00:00:00,0.1490142459033697,61.84384884245218,23.7047595925526,0
2025-04-19 00:00:01,-0.0414792903513554,82.79229978440996,24.953194766591373,0
2025-04-19 00:00:02,0.1943065614302077,91.72788933156713,25.02702530806667,0
2025-04-19 00:00:03,0.4569089569224075,137.7537531468038,25.70894551876511,0
2025-04-19 00:00:04,-0.0702460124170007,111.13106249067516,22.94971245507876,0
2025-04-19 00:00:05,-0.0702410870847541,73.29036861800218,25.888850910770994,0
2025-04-19 00:00:06,0.4737638446522174,109.72072578835274,20.94341255259584,0
2025-04-19 00:00:07,0.4759628468545492,99.05392022123269,24.055173171454285,1
2025-04-19 00:00:08,-0.1408423157804856,121.65382107774148,24.26758923632268,0
2025-04-19 00:00:09,0.1627680130757894,90.57750696364243,25.949990239106857,0
2025-04-19 00:00:10,-0.1390253078437386,98.12727622521658,25.033946279015304,0
2025-04-19 00:00:11,0.7799253688382723,186.51593295084385,23.82261425188483,2
2025-04-19 00:00:12,0.0725886814698102,74.256728628315,23.52251031127448,0
2025-04-19 00:00:13,-0.3148704616049461,102.05763629774016,25.29802001432111,1
2025-04-19 00:00:14,-0.5174753497539099,88.3280134730799,24.881398987203166,0
2025-04-19 00:00:15,-0.1686862587722918,120.76757702038634,24.13131383554638,0
2025-04-19 00:00:16,-0.3038493361003271,69.61307849046315,24.278749315732032,0
2025-04-19 00:00:17,0.0942741997785821,43.35688803778862,26.04425199573893,0
2025-04-19 00:00:18,0.2061984833719407,150.97682283182002,26.194583938074327,2
2025-04-19 00:00:19,-0.2731354437936386,171.0348159982184,25.91517365629107,2
2025-04-19 00:00:20,0.4396946306764662,124.0052349947766,28.25490488212081,0
2025-04-19 00:00:21,-0.0677328901459606,90.73677275829202,22.86447604467412,0
2025-04-19 00:00:22,0.1951496546939649,151.77146785767997,21.96895011736965,2
2025-04-19 00:00:23,-0.427424455864037,151.77146785767997,26.17538449719791,0
2025-04-19 00:00:24,-0.1633148173575548,62.60516600609159,23.982035408058845,0
2025-04-19 00:00:25,0.0332767769129598,92.2295844963398,24.52264370838607,0
2025-04-19 00:00:26,-0.3452980732266908,103.80847779850116,23.828265432803327,0
2025-04-19 00:00:27,0.1127094055037015,108.98437442570068,24.61029978884873,0
2025-04-19 00:00:28,-0.1801916069756415,89.80386613618235,27.39780716814451,0
2025-04-19 00:00:29,-0.087508124937983,100.68882023411685,26.203192687927174,0
2025-04-19 00:00:30,-0.180511983668819,50.23345293174021,26.293335267830464,0
2025-04-19 00:00:31,0.5556834553526813,86.83503175332304,22.87565941631103,0
2025-04-19 00:00:32,-0.0040491674213801,109.07017425108936,23.273269395170697,0
2025-04-19 00:00:33,-0.0875670733749884,110.3541193149064,20.741382010771854,1
2025-04-19 00:00:34,0.2467634736309567,101.17968443179194,23.785928768375868,0
2025-04-19 00:00:35,-0.3662530949913066,108.93745001605396,26.435054779578486,0
2025-04-19 00:00:36,0.5905586377309183,153.1490159828447,26.633001304751456,2
2025-04-19 00:00:37,-0.1091398551718832,163.40927541993142,27.21687982260744,2
2025-04-19 00:00:38,-0.3984558146695291,80.74534869430775,24.96654957442292,0
2025-04-19 00:00:39,0.059058370760737,95.86777440607906,23.96667168613689,0
2025-04-19 00:00:40,0.3957224601954797,142.20432339178444,25.307138323602675,1
2025-04-19 00:00:41,0.3024229204819986,133.1394592193687,26.14881741922092,1
2025-04-19 00:00:42,0.3354325513607517,148.2693746087213,26.14881741922092,2
2025-04-19 00:00:43,0.0858455238176516,134.48432808581586,25.44947153175602,1
2025-04-19 00:00:44,-0.4435565971102282,114.29219581273236,26.398652306432,0
2025-04-19 00:00:45,-0.2159532625184126,59.00117442845044,24.377349566554944,0
2025-04-19 00:00:46,-0.1381916312879362,123.18148129911796,26.05105091818088,0
2025-04-19 00:00:47,0.3171366678656747,93.27490522637856,29.221981666708828,0
2025-04-19 00:00:48,0.1030854868705384,108.5097986648046,24.843485810519663,0
2025-04-19 00:00:49,-0.5289120466088202,123.94493847290455,25.589960575007986,0
2025-04-19 00:00:50,0.0972251908184385,72.56652605539068,23.892914374507917,0
2025-04-19 00:00:51,0.043423467602132,115.81117995144906,25.271876743903075,1
2025-04-19 00:00:52,-0.2030766000917876,94.2290260824859,25.690407437473457,0
2025-04-19 00:00:53,0.1835028866522603,84.32492957751143,25.292263510405206,0
2025-04-19 00:00:54,0.3092998567487853,134.69873151673616,23.470457020436715,0
2025-04-19 00:00:55,0.3092998567487853,82.86455812346415,25.30954265698817,0
2025-04-19 00:00:56,0.1301245962532409,118.88906441026266,27.193293908076456,1
2025-04-19 00:00:57,-0.0927637127553643,104.08778063205952,25.67295364677179,0
2025-04-19 00:00:58,0.834816022057937,135.95700947847823,27.511354107307376,2
2025-04-19 00:00:59,0.2926635381367077,92.08638576487472,24.644482044981057,0
2025-04-19 00:01:00,-0.1437522713535869,106.3490652250035,26.124850359135564,0
2025-04-19 00:01:01,-0.0556976929991451,93.34279191234978,25.41890175732479,0
2025-04-19 00:01:02,-0.3319004922018084,98.13226282200104,23.57363390546915,0
2025-04-19 00:01:03,-0.3892831808185979,119.41335775103258,25.477781507198312,1
2025-04-19 00:01:04,0.2437577467182594,69.71059381638466,23.51245500483953,0
2025-04-19 00:01:05,0.5707710862459899,136.43186422678477,24.05067958767281,1
2025-04-19 00:01:06,-0.0216030364741001,135.09866143294482,25.28399246093856,0
2025-04-19 00:01:07,0.7713626258081157,130.36803261566877,25.445866410070185,1
2025-04-19 00:01:08,0.1084908075142902,104.50528234495098,23.216151302384308,0
2025-04-19 00:01:09,-0.016602093045508,143.85445510233717,26.580978656774317,1
2025-04-19 00:01:10,0.1084186816525241,74.61339006906601,25.85800941745071,0
2025-04-19 00:01:11,0.4614109699397907,134.0502931625921,23.942907346583677,0
2025-04-19 00:01:12,-0.0107478117329854,104.04657592845604,22.693622805326235,0
2025-04-19 00:01:13,1.1900366111549334,192.6371379817822,26.503614332354157,2
2025-04-19 00:01:14,-0.7859235312269233,85.33934008952022,24.33108442920826,0
2025-04-19 00:01:15,0.2465707513125671,136.3612384511565,25.16971068557953,0
2025-04-19 00:01:16,0.2480105120570488,145.50310988069566,25.16971068557953,1
2025-04-19 00:01:17,-0.0897022051397602,111.06080171704716,21.988814708882487,0
2025-04-19 00:01:18,0.0275282329606506,104.68048908706297,24.41747959254826,0
2025-04-19 00:01:19,-0.5962706743802678,95.029427638511,24.54157133339753,0
2025-04-19 00:01:20,-0.0659015663512535,124.01063316947744,25.95049153716109,0
2025-04-19 00:01:21,0.4387694450798934,162.80719739696093,23.735044322191985,2
2025-04-19 00:01:22,0.7117845342833502,90.65860592825696,27.51801201005885,1
2025-04-19 00:01:23,-0.1554810654820942,77.65627076585994,22.13253917402237,0
2025-04-19 00:01:24,0.0945007185673341,156.28308495614505,22.13253917402237,2
2025-04-19 00:01:25,-0.1505271130753609,106.1999796633111,24.663521543682844,0
2025-04-19 00:01:26,0.2746206353106222,98.86823022200208,26.28937730851533,0
2025-04-19 00:01:27,0.0986253328979053,124.37941579587326,25.1197022260881,0
2025-04-19 00:01:28,-0.1589280611301116,60.97796271922751,26.709333304038203,0
2025-04-19 00:01:29,0.1539802299340068,102.8717587301032,24.418957053170782,0
2025-04-19 00:01:30,0.2791591968865393,123.6404154922569,24.21945059199818,2
2025-04-19 00:01:31,0.4939654026499721,145.19424590968336,27.130756430906597,1
2025-04-19 00:01:32,-0.2106159281632057,98.11082571115996,24.829779031176788,0
2025-04-19 00:01:33,-0.0982986439793304,108.39219944048236,25.33233771043632,0
2025-04-19 00:01:34,0.1092269121647825,112.72234078820468,26.852127871067196,1
2025-04-19 00:01:35,-0.1620189219101184,185.589298633155,25.05052261123902,2
2025-04-19 00:01:36,0.2291466046461757,150.83449328117703,25.893236346458885,1
2025-04-19 00:01:37,0.0783165816539668,111.67088606023776,24.115157865305665,0
2025-04-19 00:01:38,0.0340870909474137,127.4096550627312,24.80174596653344,1
2025-04-19 00:01:39,-0.070376140012544,111.59714570590263,25.108418448076435,0
2025-04-19 00:01:40,-0.4246112226151242,85.86214864025303,22.7496672078296,0
2025-04-19 00:01:41,-0.1261935968296077,117.11111318041424,23.831744435769348,0
2025-04-19 00:01:42,-0.1028143549580308,132.9896178864784,27.026609338619707,0
2025-04-19 00:01:43,-0.2406831807664856,121.41221119958372,26.329286782877197,0
2025-04-19 00:01:44,-0.0483857134998027,85.40795060385182,24.90604063400915,0
2025-04-19 00:01:45,0.1212152570443615,107.22834634546206,25.36468518776934,0
2025-04-19 00:01:46,0.7549534283668127,104.13716912482704,24.558636241545315,1
2025-04-19 00:01:47,0.0523733438495516,111.44780622351352,27.03487507874197,0
2025-04-19 00:01:48,0.0772651172168293,109.01206825725076,24.699471133308755,0
2025-04-19 00:01:49,-0.0223337747298501,62.60367320935672,25.34776313820227,0
2025-04-19 00:01:50,-0.0687563027844203,136.76432312175274,27.799339932798976,2
2025-04-19 00:01:51,-0.007954162634765,94.33722206512466,23.83394277273114,0
2025-04-19 00:01:52,0.0180690629823079,93.98280505718348,27.33818377674534,0
2025-04-19 00:01:53,0.7389726337455859,75.8104612916239,22.70430788538493,0
2025-04-19 00:01:54,0.2785049509341712,137.77957458704367,27.4444631966692,1
2025-04-19 00:01:55,0.5431744353529119,165.02947217881024,25.38117681188765,2
2025-04-19 00:01:56,-0.0104135309115729,96.11461736042962,24.63595187826208,0
2025-04-19 00:01:57,-0.3506034112858596,84.88416999683274,22.164984743225585,0
2025-04-19 00:01:58,0.6222099681078874,180.97414252833127,25.72808467537741,2
2025-04-19 00:01:59,0.2255799098060322,133.10814226176592,23.440290203459675,0
2025-04-19 00:02:00,0.237309584112914,90.32877032306926,24.08853048193979,0
2025-04-19 00:02:01,-0.2728162364384217,87.75666165690359,24.79403355131668,0
2025-04-19 00:02:02,0.4208382932808297,109.82415330823991,24.79403355131668,0
2025-04-19 00:02:03,-0.4205553188376842,92.83941240506029,25.31140502710094,0
2025-04-19 00:02:04,0.1760571281400811,97.21205598673532,25.461514980101672,0
2025-04-19 00:02:05,0.6571366877429935,114.79306303449344,23.356720916731657,0
2025-04-19 00:02:06,0.2397009152764142,121.81287824985417,24.468855001948825,2
2025-04-19 00:02:07,-0.1698893188808315,126.3660464970534,27.69808752752697,0
2025-04-19 00:02:08,0.039427940179746,131.45361048658685,23.89719844785513,1
2025-04-19 00:02:09,-0.1510426962348597,91.7701371087564,27.484312378085946,0
2025-04-19 00:02:10,-0.4651990293198398,98.21531691557102,24.6354082016787,0
2025-04-19 00:02:11,0.0205688924418081,99.24858710041038,25.00343190421525,0
2025-04-19 00:02:12,0.470191324893186,125.3759739311015,26.991707758116867,2
2025-04-19 00:02:13,0.2829499282535839,159.8987645490647,26.907838632907985,1
2025-04-19 00:02:14,-0.2758272702701409,100.82651264541236,24.83378115958137,0
2025-04-19 00:02:15,0.7008147726128622,138.8600426089475,24.41763541971769,1
2025-04-19 00:02:16,-0.2349759877008711,119.03099541148086,24.91611932721668,0
2025-04-19 00:02:17,0.16406995941496,139.576750848794,25.76018140322161,2
2025-04-19 00:02:18,0.2316604069408344,139.46943798070458,26.336955530304632,1
2025-04-19 00:02:19,0.2749400956509406,154.6471781820241,25.733751666128065,2
2025-04-19 00:02:20,0.0682379803812388,116.93541550432988,25.92832944703473,0
2025-04-19 00:02:21,0.3921428262847284,57.45545159297009,27.457539598406413,0
2025-04-19 00:02:22,-0.4822449703683682,98.01811399517462,25.571964418397176,0
2025-04-19 00:02:23,0.0553901575596912,87.94358688432077,25.46747928400717,0
2025-04-19 00:02:24,0.077964838274527,108.64525901268313,22.7216337623649,0
2025-04-19 00:02:25,0.2345468615331931,109.40088374736403,21.05390479475641,0
2025-04-19 00:02:26,0.2345468615331931,85.84748210355949,25.58256359384525,0
2025-04-19 00:02:27,-0.3961369839252829,85.75652271647913,24.85776365307869,0
2025-04-19 00:02:28,0.1565824696850692,97.78669262885342,24.227825987627888,0
2025-04-19 00:02:29,0.0890954019699558,82.06715545369583,25.36529530627952,0
2025-04-19 00:02:30,1.1606018735984291,176.83967390904257,25.4122168733892,2
2025-04-19 00:02:31,0.1039344628490927,92.61585599105108,26.69167037595085,0
2025-04-19 00:02:32,-0.2040074164735472,41.86023561356717,25.129166302388462,0
2025-04-19 00:02:33,0.1775310068054089,122.50355886756388,23.87961507239475,1
2025-04-19 00:02:34,0.0879217419896043,79.22912358312055,26.48524935843893,0
2025-04-19 00:02:35,-0.2143054254079103,67.37448369078109,24.674303387580697,0
2025-04-19 00:02:36,0.559732353343427,75.25146723554855,25.78980502550846,0
2025-04-19 00:02:37,0.1421498762735362,102.1881694366594,24.2838839407108,0
2025-04-19 00:02:38,0.0295303567821251,186.57281656496465,25.14682699932309,2
2025-04-19 00:02:39,0.1969660825901489,106.2636894772996,25.126252345278544,0
2025-04-19 00:02:40,-0.2924045010681964,87.86993223568521,25.019242965315527,0
2025-04-19 00:02:41,0.2361253811227356,109.11808390341406,25.71974055305025,0
2025-04-19 00:02:42,0.3475786737022212,90.81819379562016,24.597031370035385,0
2025-04-19 00:02:43,-0.0932250293840442,116.1079926167371,22.245460324344403,1
2025-04-19 00:02:44,0.2890128387732965,76.91274663534031,24.350839174617416,0
2025-04-19 00:02:45,0.1238342780809494,64.96342386496562,26.190727700715723,0
2025-04-19 00:02:46,0.246618047998347,92.20152586881107,24.55393588113534,0
2025-04-19 00:02:47,0.5690378947961842,103.16106979840264,24.630424896228178,0
2025-04-19 00:02:48,-0.0736164348008611,98.0675265997022,26.479564758858903,0
2025-04-19 00:02:49,0.0351123720930043,121.68066144105282,23.93204015911161,1
2025-04-19 00:02:50,-0.1647131678865224,111.08507878606436,22.68579517263565,1
2025-04-19 00:02:51,-0.0210614291823477,172.1649238336994,24.859945951007205,2
2025-04-19 00:02:52,-0.0454879296179509,103.6573616010683,24.27373907312689,1
2025-04-19 00:02:53,0.1023455924449931,115.52055827686952,24.27373907312689,0
2025-04-19 00:02:54,0.0830072397990057,79.9556596214655,24.736932316151965,0
2025-04-19 00:02:55,0.3963480727633015,114.9512952529393,25.737258470870174,1
2025-04-19 00:02:56,0.1738025363240499,114.9512952529393,24.986067157648275,1
2025-04-19 00:02:57,0.5729165203988767,119.97195706228726,25.460471609029355,1
2025-04-19 00:02:58,-0.0793970499713868,119.50624916955958,27.720111547773136,0
2025-04-19 00:02:59,0.8160507499768856,110.31256176887914,24.48568170766365,0
2025-04-19 00:03:00,0.5120407840482181,149.5684422405607,25.417522951967005,1
2025-04-19 00:03:01,0.0656557540359287,140.44285091867872,24.2361799561013,1
2025-04-19 00:03:02,0.1117716530927659,137.92660342939263,23.83349986357356,2
2025-04-19 00:03:03,0.1447417245729556,93.38421551344884,24.122638519873345,0
2025-04-19 00:03:04,-0.0670388355977552,84.39601741765074,24.28186214271747,0
2025-04-19 00:03:05,0.2142001482276276,126.6114980807808,25.539213696320687,0
2025-04-19 00:03:06,0.2853007765665581,106.06422707147377,28.52361368005113,1
2025-04-19 00:03:07,-0.0218486737970618,117.8739537877822,23.92593484558624,0
2025-04-19 00:03:08,-0.2540381154205214,117.8590774021754,24.375062041576808,0
2025-04-19 00:03:09,-0.0744184461891717,196.59240403432176,25.576747999194097,2
2025-04-19 00:03:10,-0.1339544856201063,91.80626814741004,25.59369827306462,0
2025-04-19 00:03:11,0.3871477479072172,144.24644319160325,25.395326217932176,1
2025-04-19 00:03:12,0.0642281232390611,145.63303673077684,26.92614369092217,0
2025-04-19 00:03:13,-0.2390679231860771,117.64716646132608,26.92614369092217,1
2025-04-19 00:03:14,0.0519542777553546,69.2991950493528,21.41960519470649,0
2025-04-19 00:03:15,0.5382868907390991,122.39979932184472,24.938412192577,2
2025-04-19 00:03:16,0.2765072708647786,174.25424057722662,27.826134639267995,2
2025-04-19 00:03:17,0.0461175317836583,62.33699583882832,22.651527952591607,0
2025-04-19 00:03:18,0.0174626155337999,92.55361894124154,20.488551490459365,0
2025-04-19 00:03:19,-0.3428910893491869,108.7462637407792,25.856769109328813,0
2025-04-19 00:03:20,0.1073362081044849,103.70351073659828,25.36548583555407,0
2025-04-19 00:03:21,0.2771708491922213,138.50889728368344,23.364687389800856,1
2025-04-19 00:03:22,0.3249153729525831,104.44579711601708,23.521690598918607,0
2025-04-19 00:03:23,0.3161406156104708,125.57731626626789,23.54538442054799,0
2025-04-19 00:03:24,-0.4133008103871273,80.95367238522405,25.16580297621091,0
2025-04-19 00:03:25,0.0457590206261664,116.46009723082938,24.06052708572549,1
2025-04-19 00:03:26,0.4584981197944751,144.54681109458352,25.93219557155561,2
2025-04-19 00:03:27,0.1541357852736626,116.6038362372522,20.71806000564341,0
2025-04-19 00:03:28,0.1545143058918143,118.00797176790128,23.7147222023083,0
2025-04-19 00:03:29,1.1558194471964165,109.02450638637016,23.310919058633424,0
2025-04-19 00:03:30,0.17126715320795,123.66987333779856,24.615488982441263,0
2025-04-19 00:03:31,0.3406696920541797,76.43918265247238,24.19292836226479,0
2025-04-19 00:03:32,0.2862005290479607,133.34448223102274,26.19676566984365,0
2025-04-19 00:03:33,0.1954173753917394,130.46477243424516,22.210994842509912,0
2025-04-19 00:03:34,-0.0945807733921036,114.71243994491492,25.06823721449613,0
2025-04-19 00:03:35,0.2276907661479802,135.6359781754212,25.83750463481756,0
2025-04-19 00:03:36,-0.2318475643612715,66.86753584644453,27.78497115484293,0
2025-04-19 00:03:37,-0.0710455820220026,89.51103727474697,24.277351043359783,0
2025-04-19 00:03:38,0.0924687427877741,115.29393078636096,25.486687906528772,1
2025-04-19 00:03:39,0.1428214283744628,144.42958647514686,22.29420581115645,1
2025-04-19 00:03:40,0.6943975700020526,78.99718520795709,21.412065693530465,0
2025-04-19 00:03:41,-0.5601795577775244,115.14990298674972,26.26716156367255,0
2025-04-19 00:03:42,0.4380072041880928,157.41072287993427,24.991659559527893,1
2025-04-19 00:03:43,-0.4645484815770015,173.90405800167997,28.463997005439168,2
2025-04-19 00:03:44,-0.14157955973683,173.90405800167997,22.93989566654537,0
2025-04-19 00:03:45,0.3266851790902098,80.24253318198501,25.77985320929313,0
2025-04-19 00:03:46,0.0192840057286388,83.0629806774927,27.80322676081578,0
2025-04-19 00:03:47,-0.3233234333787918,124.99237810593334,25.6295584125359,0
2025-04-19 00:03:48,-0.2145911127779904,115.58698007810663,25.414872258386573,0
2025-04-19 00:03:49,0.2038793246804027,99.21960961244912,25.012834121236526,0
2025-04-19 00:03:50,-0.219109989515141,91.6418090846822,22.643677814311133,0
2025-04-19 00:03:51,0.0649375768745924,59.48384253777246,22.643677814311133,0
2025-04-19 00:03:52,0.0136715519711441,78.58295162631123,24.0837135402924,0
2025-04-19 00:03:53,-0.1954801042817451,138.22838174279445,25.756724884574524,0
2025-04-19 00:03:54,0.6431832267975977,74.39088857995067,22.65544854014312,0
2025-04-19 00:03:55,0.1901757066954033,103.78959642442162,23.23081050323833,0
2025-04-19 00:03:56,-0.6075427759972821,120.14887946390397,27.152631098833357,0
2025-04-19 00:03:57,0.3231656352348686,104.90154663995416,24.479046566563238,1
2025-04-19 00:03:58,-0.1985359394305164,103.69420949562166,27.179913214063816,0
2025-04-19 00:03:59,0.305682345522567,148.7583107502131,24.882654011412225,1
2025-04-19 00:04:00,-0.0335116462990673,160.24998643814502,24.07328629261198,2
2025-04-19 00:04:01,-0.0344209324400697,157.36806111333536,26.33810139959758,0
2025-04-19 00:04:02,0.1514961836941371,66.62801482243609,24.115161523366588,0
2025-04-19 00:04:03,0.2597265582510364,121.1745705976776,26.048033220275563,0
2025-04-19 00:04:04,-0.2338269124665287,126.5439652520707,25.037816301310123,1
2025-04-19 00:04:05,0.2328126595011907,175.4384030967335,22.55229661101105,2
2025-04-19 00:04:06,0.0224385860915577,138.82614303398492,25.24644214805585,1
2025-04-19 00:04:07,-0.1959987697721135,85.33687605780007,28.2943347132292,0
2025-04-19 00:04:08,0.5296362720843291,104.5799278491868,25.739479687771688,0
2025-04-19 00:04:09,0.1214945132882866,62.841970972034254,24.913723370491805,0
2025-04-19 00:04:10,-0.3782651863005135,112.06495001142788,26.613015102935343,0
2025-04-19 00:04:11,0.2753585841164328,105.96316931981052,25.316002697804667,0
2025-04-19 00:04:12,0.6366468591037899,112.77320337286204,25.314301345394192,0
2025-04-19 00:04:13,0.4869676166817687,151.162366501743,23.362562241761346,1
2025-04-19 00:04:14,-0.455810989786204,107.3523968041942,25.3507720386844,0
2025-04-19 00:04:15,-0.1452702218598754,102.96178839596551,26.553165124625416,0
2025-04-19 00:04:16,0.3800733447559868,82.37863326677416,23.745906771849963,0
2025-04-19 00:04:17,0.0592484699913143,115.75558472701898,27.13674373187042,1
2025-04-19 00:04:18,0.1932379856254209,153.7346924035466,24.862440963782312,1
2025-04-19 00:04:19,0.232390216028801,128.72670811411956,23.668345732692188,0
2025-04-19 00:04:20,-0.2780791414734249,95.23779127375892,26.496448115380367,0
2025-04-19 00:04:21,-0.01785760681854,100.92005494506547,24.569808646392595,0
2025-04-19 00:04:22,-0.7764375604688436,141.90771250012466,27.3647536486174,2
2025-04-19 00:04:23,-0.3073162924002869,123.4551369053489,24.562362051612197,0
2025-04-19 00:04:24,-0.075770445417948,113.30833647383557,24.910260784705144,0
2025-04-19 00:04:25,-0.3743349545894548,138.824348729275,25.74034030650144,0
2025-04-19 00:04:26,-0.3743349545894548,82.43353845640522,25.43634558638501,0
2025-04-19 00:04:27,-0.3743349545894548,122.43984201963566,22.006702329322398,1
2025-04-19 00:04:28,-0.1320133460090951,104.62891845051143,23.31813438985841,0
2025-04-19 00:04:29,0.0392221731858274,112.9297907545154,26.394114977186224,0
2025-04-19 00:04:30,0.4323819867198346,95.68664724904735,24.80179511664768,0
2025-04-19 00:04:31,-0.4307586453538318,95.68664724904735,24.214403045842868,0
2025-04-19 00:04:32,0.5347186554229113,177.62815057847143,24.50289602026366,2
2025-04-19 00:04:33,0.0030699183058761,177.62815057847143,23.380395518086228,0
2025-04-19 00:04:34,-0.0906984111657031,111.6745179887255,21.96730204005708,1
2025-04-19 00:04:35,0.4478115761864458,157.10885602210993,24.8480789219477,1
2025-04-19 00:04:36,0.059717908672041,123.40397418393208,24.10234362912843,0
2025-04-19 00:04:37,-0.1800650631476384,102.68592994495586,23.55011816352203,0
2025-04-19 00:04:38,0.0209406254970056,101.59195724752072,24.89781486224807,0
2025-04-19 00:04:39,0.0773838847897102,141.08115542231815,25.545955946279108,1
2025-04-19 00:04:40,0.0340552035753744,141.08115542231815,28.13979689831492,0
2025-04-19 00:04:41,0.198639202356314,100.60062958328164,22.73217487065518,0
2025-04-19 00:04:42,0.4758050448436056,100.60062958328164,26.739071564950784,0
2025-04-19 00:04:43,-0.4235724413968497,147.5291129100587,26.45965234152261,1
2025-04-19 00:04:44,0.63991001239688,68.77013555116281,23.83136089093495,0
2025-04-19 00:04:45,-0.5856263398567505,130.06839656857997,23.83136089093495,0
2025-04-19 00:04:46,-0.5856263398567505,93.397598120671,24.313550125993576,0
2025-04-19 00:04:47,0.1764951619453729,95.76666036137648,25.27853287062811,0
2025-04-19 00:04:48,0.2691008220889059,117.44532187830988,27.263696520106823,1
2025-04-19 00:04:49,-0.1868098559461781,94.23922252155847,25.908409348946968,0
2025-04-19 00:04:50,0.2435777067599444,158.37062690296074,25.762912559850164,1
2025-04-19 00:04:51,-0.1479002803976498,50.24382686929841,24.35453602006804,0
2025-04-19 00:04:52,-0.1768094270832634,125.53930772176376,22.773915002613496,0
2025-04-19 00:04:53,0.2548806291063074,106.76046962203417,22.773915002613496,0
2025-04-19 00:04:54,0.1071046457895142,75.85956704285569,26.809912232295872,0
2025-04-19 00:04:55,-0.2078728785781962,78.49375213901524,22.70924821511553,0
2025-04-19 00:04:56,0.2698799626299752,133.52786054416407,23.41736594773496,0
2025-04-19 00:04:57,0.0921898562629828,81.08986240114538,25.1894016043511,0
2025-04-19 00:04:58,0.243858635651688,76.93298978808082,23.523017822729106,0
2025-04-19 00:04:59,0.1888886525770836,122.7462908472946,23.81121482932718,0
2025-04-19 00:05:00,0.0725522929066354,122.7462908472946,25.17061964295401,2
2025-04-19 00:05:01,-0.1680543120590908,81.24148846927203,22.951573893714777,0
2025-04-19 00:05:02,0.2241880815369785,104.33249950809238,23.53881723067545,0
2025-04-19 00:05:03,0.1831110796300394,79.48494632719445,26.055141875180965,0
2025-04-19 00:05:04,0.1761161714556577,152.0164279684521,23.038945326653558,1
2025-04-19 00:05:05,-0.0547531729942136,151.2274192974627,22.603191798257743,1
2025-04-19 00:05:06,0.3832994687365275,110.64012397643886,24.05496253069916,0
2025-04-19 00:05:07,0.1896633408929986,137.23322122494034,26.09793325376477,1
2025-04-19 00:05:08,0.1641292143510113,135.22376249734748,24.704617288004663,0
2025-04-19 00:05:09,-0.0606577957301682,99.99372654776452,24.30312838282657,0
2025-04-19 00:05:10,0.0445580710421164,106.36251749158396,25.06653819627341,1
2025-04-19 00:05:11,0.580206598843437,138.98947825664612,22.381438850710524,1
2025-04-19 00:05:12,0.2476249046964089,141.7209409907423,25.74205848066255,0
2025-04-19 00:05:13,0.4353827771853706,109.70481013628296,25.575152547105468,1
2025-04-19 00:05:14,0.3916436421462987,92.77074466612028,24.386037288856414,0
2025-04-19 00:05:15,0.3320630581257637,138.32892076202904,26.508886767694623,1
2025-04-19 00:05:16,0.2045858913884891,98.92190301988522,23.30875585157044,0
2025-04-19 00:05:17,-0.0930800269780368,80.35392839245371,26.691863489880355,0
2025-04-19 00:05:18,0.0972499057465326,122.4371571246094,25.23174049839288,0
2025-04-19 00:05:19,-0.0390429163103053,146.4008144403452,24.49517111518274,0
2025-04-19 00:05:20,0.0290987894978154,103.92262918047814,24.97018954694753,0
2025-04-19 00:05:21,0.1785471076310741,81.91863420528,24.839102851283588,0
2025-04-19 00:05:22,-0.2454662049700417,69.0207894989305,26.83042434462657,0
2025-04-19 00:05:23,0.627716182705638,105.15951962442362,23.38498130879348,0
2025-04-19 00:05:24,-0.3018052144499106,122.07754686632516,23.856221141280106,0
2025-04-19 00:05:25,-0.3642565838363196,122.07754686632516,26.55445433810872,0
2025-04-19 00:05:26,0.3474332620500203,99.95192318162292,24.10669759722421,0
2025-04-19 00:05:27,0.4781044204316889,118.21456696421389,26.35079961599739,1
2025-04-19 00:05:28,0.3637435179635491,108.1567273456382,27.549153974513064,1
2025-04-19 00:05:29,0.299152143527356,146.69502652649766,24.397307459587548,1
2025-04-19 00:05:30,-0.0036740318540743,118.2754324277117,26.02204348986296,0
2025-04-19 00:05:31,0.0106087586924644,99.08540426618534,23.269461577990214,1
2025-04-19 00:05:32,0.0227413674581179,131.79677956361368,26.132099947101715,0
2025-04-19 00:05:33,-0.2031485134536335,111.48142441788002,25.29913597898015,0
2025-04-19 00:05:34,-0.2031485134536335,127.99189290291586,25.709557423240323,0
2025-04-19 00:05:35,-0.0314613448461032,103.1574450302977,24.031641891946908,1
2025-04-19 00:05:36,-0.2476491590377534,72.68351689169123,22.50837487664924,0
2025-04-19 00:05:37,-0.096415752495898,97.02061380465406,25.75487809712426,0
2025-04-19 00:05:38,0.1238794362826873,110.05568853790388,21.904895271280814,0
2025-04-19 00:05:39,0.0954716761863968,165.92721645853928,24.5239742616362,1
2025-04-19 00:05:40,-0.2466661186699294,114.12157827630264,26.411772799629954,0
2025-04-19 00:05:41,0.0731061634475736,95.14637446375932,25.287846603809555,0
2025-04-19 00:05:42,0.0734899713326168,79.47261584668216,27.92251396718472,0
2025-04-19 00:05:43,-0.1520829526113389,124.600011454383,26.53766372887266,0
2025-04-19 00:05:44,-0.1413114916854968,80.7058914849857,24.019152417511638,0
2025-04-19 00:05:45,0.0696149812072908,132.56937109544643,25.04097006977716,0
2025-04-19 00:05:46,-0.3443297776046845,124.31230700786982,24.928943946183345,1
2025-04-19 00:05:47,-0.4222391323129665,131.811641452357,22.62673485498081,0
2025-04-19 00:05:48,-0.2155332663757308,113.57862580118557,23.58940162527347,0
2025-04-19 00:05:49,-0.0640341455135541,97.26009021115084,24.15885863953021,0
2025-04-19 00:05:50,0.0932722696794013,89.61207256347747,21.945669245716097,0
2025-04-19 00:05:51,0.4426068650848656,93.1818424530784,25.071240202377464,0
2025-04-19 00:05:52,0.2572978869606058,108.56633384750477,24.62639223302044,0
2025-04-19 00:05:53,-0.0479815589890281,101.54312992435432,22.49065914803264,0
2025-04-19 00:05:54,0.3195235038248573,118.1237718386259,25.606319297916,1
2025-04-19 00:05:55,-0.3007588093913426,96.68737179364736,26.07380911703644,0
2025-04-19 00:05:56,-0.0055539407977169,101.571540594383,25.34055171829733,0
2025-04-19 00:05:57,-0.0055539407977169,87.42531811170376,24.513897737186547,1
2025-04-19 00:05:58,0.0968155681014268,109.16336229577398,25.88716322762778,0
2025-04-19 00:05:59,0.016243093719314,110.40557550566386,26.02033054071504,1
2025-04-19 00:06:00,0.1558039542723517,76.9333519358851,25.461105354579534,0
2025-04-19 00:06:01,0.4598216739007733,66.2531130577858,23.76308162434786,0
2025-04-19 00:06:02,0.1755708368454146,94.1221500426422,25.41490114826677,1
2025-04-19 00:06:03,0.1205135166296824,72.89104993775422,26.793220976238217,0
2025-04-19 00:06:04,0.2070431975133337,85.8195808473902,24.105056412082405,0
2025-04-19 00:06:05,-0.0956038510798505,169.06518275053136,28.14690900869865,1
2025-04-19 00:06:06,0.067227744543125,89.48240648209593,24.21155359902192,0
2025-04-19 00:06:07,0.0037777202345384,103.55500212536064,25.048610520010204,0
2025-04-19 00:06:08,0.0293028295646495,108.00962773012655,23.99127160599049,0
2025-04-19 00:06:09,-0.1179758514961737,132.621303724317,25.33490625388039,1
2025-04-19 00:06:10,0.6418309197999593,158.45113078548013,23.46999536972701,2
2025-04-19 00:06:11,0.1493994873736349,76.0941247280151,24.18093730177492,0
2025-04-19 00:06:12,0.4353430823385125,129.01855096558424,23.36181819947715,0
2025-04-19 00:06:13,1.0239792288866965,196.1439328727577,26.404644803357023,2
2025-04-19 00:06:14,0.6459547372534669,66.34682611754629,26.49167106326336,0
2025-04-19 00:06:15,0.6459547372534669,79.5194281822724,25.969009280671827,0
2025-04-19 00:06:16,0.3650260019459375,124.40379315245988,21.44251095871166,1
2025-04-19 00:06:17,0.1753961879494421,110.70924410179616,28.06310447939182,1
2025-04-19 00:06:18,0.8672326190176254,140.11931106911732,25.442919910931305,1
2025-04-19 00:06:19,-0.2424894856065454,85.43455595186774,23.835251289260498,0
2025-04-19 00:06:20,-0.2519165526542328,143.30112135613206,25.23569187848641,0
2025-04-19 00:06:21,-0.1798177936332066,123.81097188687193,25.26428473375404,0
2025-04-19 00:06:22,-0.637168717292942,104.2514806126443,25.26428473375404,0
2025-04-19 00:06:23,-0.1577265065042283,120.53972526639464,25.26428473375404,0
2025-04-19 00:06:24,-0.1577265065042283,152.11800848714617,24.08879156856954,1
2025-04-19 00:06:25,0.0451181359428622,88.72105023883513,24.39345701096497,0
2025-04-19 00:06:26,0.4698709812954463,113.6756551091607,23.97058129636737,1
2025-04-19 00:06:27,0.4698709812954463,101.56286125939296,22.85099306539052,0
2025-04-19 00:06:28,0.2851271514558151,117.23272248995887,25.218754705323075,0
2025-04-19 00:06:29,-0.1730710966987209,102.78120797306836,25.877949154774505,0
2025-04-19 00:06:30,-0.2695244014045074,68.46007035618005,25.77232539411456,0
2025-04-19 00:06:31,0.1475757514519517,83.94351112098315,26.22988787895285,0
2025-04-19 00:06:32,0.1922793851693188,83.94351112098315,27.100027613546736,2
2025-04-19 00:06:33,0.5913772356753891,128.4866879134834,24.20091175267465,1
2025-04-19 00:06:34,0.3538320362163861,139.45084353579617,26.25949579664678,0
2025-04-19 00:06:35,-0.1407526956314114,72.28024115202004,22.963723690237096,0
2025-04-19 00:06:36,0.2349726733437879,170.1117848367175,25.764742381745155,2
2025-04-19 00:06:37,0.4061617122496238,129.7822621665658,23.553699892865133,0
2025-04-19 00:06:38,-0.0343619535757853,145.42899490845593,26.620084088708964,0
2025-04-19 00:06:39,0.3713448935920385,91.91205153632076,26.414182771210115,0
2025-04-19 00:06:40,-0.2425039687137736,169.828589054404,27.116658753019376,2
2025-04-19 00:06:41,-0.1798125068861318,111.39520714397294,26.607894797817696,0
2025-04-19 00:06:42,0.0015731099154549,103.9096346310658,23.681075826382017,0
2025-04-19 00:06:43,0.5143161670668812,158.0230959752139,25.75067575566735,2
2025-04-19 00:06:44,-0.1350196414437731,108.71950779000092,24.81223835742525,0
2025-04-19 00:06:45,0.1868549797042496,49.35507829560629,26.27032315582737,0
2025-04-19 00:06:46,-0.3202861288147783,113.64138980125264,24.827163651171706,0
2025-04-19 00:06:47,0.2065745516787989,132.52355807323934,24.42258566738488,1
2025-04-19 00:06:48,0.0360886895135696,95.5505020644347,25.811362777841484,0
2025-04-19 00:06:49,0.8210522911850945,200.9372439143912,27.013690474452428,2
2025-04-19 00:06:50,0.2134844634266669,86.50131962418895,23.9974822077298,0
2025-04-19 00:06:51,-0.3373926275513607,91.93848021869938,24.908386492971434,0
2025-04-19 00:06:52,0.2729490528303579,199.83106604409468,23.57895734614292,2
2025-04-19 00:06:53,0.3833030465695527,83.35877390300287,21.25290847376059,0
2025-04-19 00:06:54,0.0996942035938775,88.99769434126922,25.300689447120597,0
2025-04-19 00:06:55,-0.224545960966966,97.059491531383,25.913358034381947,0
2025-04-19 00:06:56,0.4653455926567568,116.814689642591,25.39310021363009,0
2025-04-19 00:06:57,0.0347023902878576,104.15605014706628,22.075657423368447,0
2025-04-19 00:06:58,0.3537891552191479,74.14749305695474,24.473725854885288,0
2025-04-19 00:06:59,0.0202555444230326,89.3566287374562,21.672478359923375,0
2025-04-19 00:07:00,0.6687487628196317,117.85291133575578,27.05455166148128,1
2025-04-19 00:07:01,0.5266022527329614,98.4555790955391,23.370918126822872,0
2025-04-19 00:07:02,0.4526302345740284,168.51687317259658,27.89579805317598,2
2025-04-19 00:07:03,0.2914712852863066,108.36411511775944,26.418804465526215,0
2025-04-19 00:07:04,0.1936127848755442,64.47976491903196,23.649114471195908,0
2025-04-19 00:07:05,0.4105894672597046,121.27881975121711,23.300822573098383,0
2025-04-19 00:07:06,-0.2894770381740313,105.05137691993248,25.525555324579507,0
2025-04-19 00:07:07,0.2058154379995317,127.69064095187812,23.733513944225397,0
2025-04-19 00:07:08,0.4458699972124658,138.88396654581345,25.15372696323731,1
2025-04-19 00:07:09,0.1342970412674429,182.02645915471524,25.5412057708976,2
2025-04-19 00:07:10,0.3166502603870706,169.33090622900255,23.266694160625416,2
2025-04-19 00:07:11,-0.6117696533280301,126.92451512405496,21.654297971313312,0
2025-04-19 00:07:12,0.1794359764644668,140.44501272035558,25.340026372741896,1
2025-04-19 00:07:13,0.2152626767387886,98.04169507114192,24.15766338050406,0
2025-04-19 00:07:14,0.4507071156288084,145.44869440893763,24.1703652746288,0
2025-04-19 00:07:15,0.1776634038229331,147.78074244559784,26.04379575864068,1
2025-04-19 00:07:16,0.4885846636713875,111.47488842008826,26.760163414948668,0
2025-04-19 00:07:17,-0.4140304374644674,74.47391166923327,24.591182917957287,0
2025-04-19 00:07:18,-0.5110147318065463,74.23384765072925,24.48910193963521,0
2025-04-19 00:07:19,-0.0166643096689856,105.85430964283708,25.750214549670822,0
2025-04-19 00:07:20,0.5206015036904518,132.91042395536482,22.96459664545064,1
2025-04-19 00:07:21,-0.0098084244282279,87.71754869983367,25.334729582121547,0
2025-04-19 00:07:22,-0.2827417840363601,162.8196539922412,27.880477672462387,2
2025-04-19 00:07:23,-0.0267360118538365,131.7725385608719,26.020345312626443,0
2025-04-19 00:07:24,-0.391340850151456,113.90804949100595,22.094870946246303,0
2025-04-19 00:07:25,0.2009017646490115,77.17982980494523,23.85796709528659,0
2025-04-19 00:07:26,0.1099794738290544,97.76982345714111,23.6826051207648,0
2025-04-19 00:07:27,-0.2819639358982065,83.90067038294879,25.149830431613815,0
2025-04-19 00:07:28,0.0493287195079328,122.24600167182878,25.721116869651976,1
2025-04-19 00:07:29,-0.2553151455235597,121.72768668740714,27.24506561116897,1
2025-04-19 00:07:30,0.7548121409157686,150.4470883479199,25.32050247364537,2
2025-04-19 00:07:31,0.5716551059883953,104.8972925605321,24.25364125253618,1
2025-04-19 00:07:32,0.0266677779535962,127.4469063696362,26.72450802831812,1
2025-04-19 00:07:33,0.1512139546553533,88.7878472630538,25.444865407795454,0
2025-04-19 00:07:34,0.0747182699027703,71.41102619995465,26.90147726678196,1
2025-04-19 00:07:35,-0.2378618496787032,141.05944049003327,25.433092004514755,0
2025-04-19 00:07:36,-0.0321091079863673,121.77539308433344,23.26432507193009,0
2025-04-19 00:07:37,-0.3105726967258122,92.47398550150008,23.00030746783329,0
2025-04-19 00:07:38,-0.1660947916041546,100.37638099481195,22.672731626411608,0
2025-04-19 00:07:39,-0.3593633677766545,76.56691305364876,25.993077752137708,0
2025-04-19 00:07:40,0.9709693709123538,193.9144575562173,28.270751923465134,2
2025-04-19 00:07:41,0.0105790655915185,137.94577389546222,27.77404321207957,0
2025-04-19 00:07:42,-0.2099176523977756,103.1338745649305,26.26465799848486,0
2025-04-19 00:07:43,0.0641939732202666,120.47061288370688,26.74425786630248,0
2025-04-19 00:07:44,-0.0336984149072489,103.50573557867848,24.129975501019477,0
2025-04-19 00:07:45,-0.0662908798599668,73.26549122248139,23.26537627488421,0
2025-04-19 00:07:46,0.1842500100130275,91.76353262072683,26.27511899862633,0
2025-04-19 00:07:47,0.2272523130141915,102.63855933543914,25.6265211283591,0
2025-04-19 00:07:48,-0.1591503442831582,90.90904562513111,25.16116656151134,0
2025-04-19 00:07:49,0.0273300785520555,125.62693445129928,25.58105722094949,1
2025-04-19 00:07:50,0.1860702727153487,128.1720088498177,25.484778223687307,1
2025-04-19 00:07:51,-0.6905763494206755,98.38243004269076,26.925725289780345,0
2025-04-19 00:07:52,-0.4545573186595656,101.04516980994968,26.942478377225434,0
2025-04-19 00:07:53,0.4100622802333574,78.78789867206798,25.81633052851052,0
2025-04-19 00:07:54,0.4781172566712389,115.65967701744128,26.26870430884439,1
2025-04-19 00:07:55,-0.0747108118669134,74.30831468600061,25.771093828637163,0
2025-04-19 00:07:56,0.1729670889167299,119.556310993724,24.30824540194807,0
2025-04-19 00:07:57,0.338073218064046,87.88706116319351,26.13484701236971,1
2025-04-19 00:07:58,0.9236642425365712,123.0718068663385,22.908257396711107,0
2025-04-19 00:07:59,0.335872473430373,127.72698794525688,26.580837328443824,0
2025-04-19 00:08:00,-0.0383752774442299,93.95638826034757,23.208215590350942,0
2025-04-19 00:08:01,0.0856207027908662,107.93725824345402,27.25535974878137,2
2025-04-19 00:08:02,-0.2196251612883621,122.77378876065418,23.73226906236076,1
2025-04-19 00:08:03,0.2850248653450966,128.71631677422363,25.83008347461164,1
2025-04-19 00:08:04,-0.226905223585291,79.78803560142174,24.949112161108136,0
2025-04-19 00:08:05,-0.4266761128793022,89.69563212383514,22.607866062755,0
2025-04-19 00:08:06,0.4032901333972862,190.60390397726704,26.13182902008936,2
2025-04-19 00:08:07,0.5001869370212924,173.29854324603482,26.128804043959388,2
2025-04-19 00:08:08,0.5061424905217694,81.508717712438,26.32172008122005,0
2025-04-19 00:08:09,0.5037832781396567,98.04801660809136,25.00198853310161,1
2025-04-19 00:08:10,-0.0023917923949852,93.45965364780456,25.593131478082057,0
2025-04-19 00:08:11,0.4439832416670077,95.73086441299124,23.563646567477186,0
2025-04-19 00:08:12,0.0232104922942854,109.92398374726632,24.11600165285896,0
2025-04-19 00:08:13,-0.2583852603984791,89.29366574864682,24.31204204584837,0
2025-04-19 00:08:14,1.2750179368956247,170.22999150723723,27.00047962102757,2
2025-04-19 00:08:15,0.1616730131053975,138.70308080120458,27.516065631708237,0
2025-04-19 00:08:16,-0.3111738462979369,116.31002044888524,23.792242372385687,0
2025-04-19 00:08:17,0.2834756833299214,159.03822985338456,27.63573459135098,2
2025-04-19 00:08:18,0.3243027316581526,156.3369905789341,22.548490532789888,2
2025-04-19 00:08:19,-0.4148399192893008,92.86653731640256,23.208715898361564,0
2025-04-19 00:08:20,0.2778532642594924,123.61281824904287,23.56183231571984,0
2025-04-19 00:08:21,0.5728249921410391,87.45373108097394,22.97123696583892,0
2025-04-19 00:08:22,-0.4195702721457423,100.90445417999965,22.62461741531863,0
2025-04-19 00:08:23,0.776444409080868,161.0239580376217,26.7726931092434,2
2025-04-19 00:08:24,0.1051458742052408,149.96431614376937,25.93829496213407,2
2025-04-19 00:08:25,-0.1461376151294088,72.55068904231798,25.569108096407664,0
2025-04-19 00:08:26,-0.1777181772716607,72.55068904231798,26.035709029182268,0
2025-04-19 00:08:27,-0.2591972309039448,98.77992056289231,25.3984254897588,0
2025-04-19 00:08:28,0.6872621368877524,170.00480938873142,27.07237942302076,2
2025-04-19 00:08:29,-0.2492850349233113,89.32799387121666,24.8957015706366,0
2025-04-19 00:08:30,0.0811370477339516,124.41642597626095,23.219509917541384,0
2025-04-19 00:08:31,-0.015071432834741,82.4645243757631,26.586721271231195,0
2025-04-19 00:08:32,-0.0716844140599229,134.24080568035785,24.11633180082831,0
2025-04-19 00:08:33,-0.2722690986124793,65.04726980343477,23.59660555185636,0
2025-04-19 00:08:34,-0.1730313991704998,108.69540129113784,24.7331231862934,0
2025-04-19 00:08:35,0.9571469884000652,169.50861365053248,24.022081724306755,2
2025-04-19 00:08:36,0.7438652407136847,144.08885864118236,24.788714073817463,2
2025-04-19 00:08:37,-0.204674709262874,138.48787875722024,25.5160808823452,1
2025-04-19 00:08:38,0.0297996916287677,125.59037339520316,25.52251260886919,0
2025-04-19 00:08:39,0.2254161370115367,55.66362321291871,23.65325490036156,0
2025-04-19 00:08:40,-0.5008215843364116,110.05489614981629,24.26844194057688,0
2025-04-19 00:08:41,0.1630080577139805,50.134583593398446,26.611499507155365,0
2025-04-19 00:08:42,0.175026705568688,140.68670392953584,26.27357008481379,2
2025-04-19 00:08:43,0.1711796005779478,132.5833272980189,28.112597559022813,0
2025-04-19 00:08:44,-0.228977746962755,88.36435933215893,26.77019226061229,0
2025-04-19 00:08:45,-0.1510637939475831,136.52240071182055,27.609364447484317,2
2025-04-19 00:08:46,0.1791681659013281,156.04124542030638,23.757617654963447,2
2025-04-19 00:08:47,0.0144254839984145,141.35812676327106,26.14579052745013,0
2025-04-19 00:08:48,0.0779167505164445,63.36635505587948,24.920339797454638,0
2025-04-19 00:08:49,-0.2712949875313226,78.9738017672131,24.173527294692622,0
2025-04-19 00:08:50,0.1915777376332121,129.94863366359252,25.252023010798798,0
2025-04-19 00:08:51,-0.4984560186806879,137.15404687075466,26.417817301917225,0
2025-04-19 00:08:52,-0.0198239395941949,97.93137551419431,25.75124738650632,0
2025-04-19 00:08:53,-0.1804300012826555,135.21894594946716,25.25232322123449,2
2025-04-19 00:08:54,-0.1955508323406477,141.91687003618318,26.11368837038893,0
2025-04-19 00:08:55,0.0142196013949242,131.88884783498395,24.043618686886056,0
2025-04-19 00:08:56,-0.2581240095851857,113.57893975524466,25.32502467844643,0
2025-04-19 00:08:57,-0.1153666632689476,83.7519530212516,24.5449748987843,0
2025-04-19 00:08:58,0.4181788294028282,83.7519530212516,24.67170062239656,1
2025-04-19 00:08:59,-0.1730675608569446,96.7927983791034,26.149364462560765,0
2025-04-19 00:09:00,0.2507076336195425,106.61702609231156,23.439709420276152,0
2025-04-19 00:09:01,-0.3389120563972854,129.02002876262674,27.9177926114154,0
2025-04-19 00:09:02,0.353069210664122,147.58834082274808,22.26837089605825,1
2025-04-19 00:09:03,0.4324705861973701,78.45247846030483,24.103498475117718,0
2025-04-19 00:09:04,-0.4968396993441155,157.52992900039075,25.55531783491261,1
2025-04-19 00:09:05,-0.239068576641143,106.26264280026312,25.876471249652965,0
2025-04-19 00:09:06,0.173121638154162,113.74131591717833,24.84928641914244,0
2025-04-19 00:09:07,-0.0609136158128978,129.33081718557207,24.84928641914244,0
2025-04-19 00:09:08,0.6512658456919492,137.76839500972898,27.162914901752163,2
2025-04-19 00:09:09,0.4146050726638056,159.28348842587076,25.222740993964926,2
2025-04-19 00:09:10,0.4146050726638056,89.3709089728157,27.08977188690236,0
2025-04-19 00:09:11,-0.0467031706176238,68.64281149269088,26.259023671347403,0
2025-04-19 00:09:12,0.3503346184979422,106.9341995520984,26.309236526508453,0
2025-04-19 00:09:13,0.0763262529903639,150.23113103168848,23.550764914944374,0
2025-04-19 00:09:14,0.1012807986225606,63.19844510988494,24.880917363391447,0
2025-04-19 00:09:15,0.8121493449615921,159.3543877790106,25.64646780858806,2
2025-04-19 00:09:16,0.3242500874539507,172.81085870149548,24.973560647993587,2
2025-04-19 00:09:17,-0.1297674563458862,102.46156403312362,25.54024627591865,0
2025-04-19 00:09:18,0.118335642713489,97.73743894968518,24.19353136333028,0
2025-04-19 00:09:19,0.0986497503469283,104.01567273108353,25.983105744775354,1
2025-04-19 00:09:20,0.3268552763628566,134.65573485880327,23.394712655658505,1
2025-04-19 00:09:21,0.6226202395936317,84.86472045968148,27.57856091926273,0
2025-04-19 00:09:22,0.2613374110295077,56.20156590042893,23.65550101211191,0
2025-04-19 00:09:23,-0.0978070596503523,123.89184441027462,25.32895350580065,0
2025-04-19 00:09:24,0.3603641766491834,119.16771639684085,26.1877889655821,0
2025-04-19 00:09:25,-0.1224226119064654,101.0332195370216,24.14403935469983,0
2025-04-19 00:09:26,-0.6114373605533562,104.58149376411406,26.278702965149424,0
2025-04-19 00:09:27,-0.3024258932752212,121.48636025431122,23.15622460329937,0
2025-04-19 00:09:28,-0.5612375763077567,104.48679313556164,27.17817654877384,0
2025-04-19 00:09:29,-0.1054540452123926,118.08035109522628,25.02122389744864,0
2025-04-19 00:09:30,-0.1054540452123926,94.050355982523,24.10538288804668,0
2025-04-19 00:09:31,0.9521495935426536,156.23967477147892,24.55122734135885,1
2025-04-19 00:09:32,0.2705660693037441,136.41571451865366,26.21337890408908,1
2025-04-19 00:09:33,-0.0657301586426592,103.88103887211749,24.12331706222434,0
2025-04-19 00:09:34,0.2488216743550467,74.59877822575936,23.875963465865837,0
2025-04-19 00:09:35,-0.2268927715058447,74.59877822575936,25.725984359630623,2
2025-04-19 00:09:36,0.0706843674325697,83.36090165011097,23.234556830845047,0
2025-04-19 00:09:37,0.23125955816609,87.23434546943011,27.730815861912724,0
2025-04-19 00:09:38,-0.4435758737339524,83.69248743367757,24.150408113177917,0
2025-04-19 00:09:39,0.3431262129620787,78.6753013620155,26.247425179270607,0
2025-04-19 00:09:40,0.1015489222483242,142.49542806033924,25.31420512547166,0
2025-04-19 00:09:41,0.5897168129459673,186.6267812397681,23.76993190918185,2
2025-04-19 00:09:42,0.1898345598318854,138.40735004288524,24.991067936180904,0
2025-04-19 00:09:43,0.6812078573413187,75.54209960888872,26.176004168966124,0
2025-04-19 00:09:44,0.1614486982222474,161.42507499821784,25.424050362060463,2
2025-04-19 00:09:45,0.0744661758901008,74.12984749591809,26.78966941877654,0
2025-04-19 00:09:46,-0.1378082698620732,86.08610245605873,26.78966941877654,0
2025-04-19 00:09:47,-0.2549533108394375,81.6374603316685,26.37837228198749,0
2025-04-19 00:09:48,0.2491007449632736,124.79168012883125,24.310514841590503,0
2025-04-19 00:09:49,-0.2568251477726601,92.0754064379648,23.38023632832777,0
2025-04-19 00:09:50,0.0214698711658177,121.36758667388033,24.079618591955807,0
2025-04-19 00:09:51,-0.143297234029535,112.08241779177035,25.29436141100008,0
2025-04-19 00:09:52,0.1436939477239175,146.07277504209577,25.818680070298534,0
2025-04-19 00:09:53,0.1000986315860844,70.41111553720552,21.74264289285933,0
2025-04-19 00:09:54,0.3112619832773697,125.18466479573598,24.987830197582376,0
2025-04-19 00:09:55,-0.1530049196564241,122.92881740801457,25.23713383798477,0
2025-04-19 00:09:56,-0.0809624805880113,80.5324232394593,24.583683615526677,0
2025-04-19 00:09:57,-0.2936291147346922,120.1426667294632,26.93691075852382,0
2025-04-19 00:09:58,0.039927430165309,166.72289926052457,26.420254437613487,2
2025-04-19 00:09:59,0.1131901479134556,95.45047480093184,26.965287862121347,0
2025-04-19 00:10:00,0.2270965849936055,83.52129026056001,24.67605921947465,0
2025-04-19 00:10:01,-0.0263996276403585,115.61781097101628,26.406216238760383,1
2025-04-19 00:10:02,0.260881776031698,140.9962419157185,27.45259959179128,0
2025-04-19 00:10:03,0.4066913576414853,100.01365637914964,26.967540173908997,0
2025-04-19 00:10:04,0.2349555846118839,145.64260003062918,23.3617876098569,1
2025-04-19 00:10:05,0.6203560860892856,114.18201236664892,24.61948588368643,1
2025-04-19 00:10:06,-0.2321367597310719,84.40294107556723,24.482252941825305,0
2025-04-19 00:10:07,-0.3733964109934251,121.63969618499884,25.73388180261449,0
2025-04-19 00:10:08,-0.3733964109934251,73.00847576896936,26.0295303325218,0
2025-04-19 00:10:09,0.6557470096182897,121.69572464189456,23.7416609889614,1
2025-04-19 00:10:10,0.1963096969062173,100.68054822144464,25.101757770875405,0
2025-04-19 00:10:11,-0.0166754012731365,102.22745203680104,21.970109001765795,0
2025-04-19 00:10:12,0.3702449363574631,126.41813429967688,27.162917508702836,1
2025-04-19 00:10:13,-0.3376467141895129,107.91639562191848,24.23143863898496,0
2025-04-19 00:10:14,0.7642282500333866,143.85711511635623,25.083795909766742,1
2025-04-19 00:10:15,0.0387663545925682,114.6927509091866,24.53552542901791,0
2025-04-19 00:10:16,0.0328184383814678,80.28392382664347,26.719041362520123,0
2025-04-19 00:10:17,0.2177299871696076,94.31689804142404,20.74374033790393,0
2025-04-19 00:10:18,0.4263260093516123,153.89525723753877,24.975084486511136,1
2025-04-19 00:10:19,0.0671652072837394,117.89294375147745,24.84127186375345,0
2025-04-19 00:10:20,-0.2371423366335935,72.54281097037872,24.319545418612478,0
2025-04-19 00:10:21,0.1414405071407987,107.02959800704404,27.58933981845345,0
2025-04-19 00:10:22,0.8463379693163426,90.4354950125038,23.669005811716342,1
2025-04-19 00:10:23,1.0944430342778189,160.93869804120737,27.766934373289335,2
2025-04-19 00:10:24,0.4779559879918191,137.95534033491953,25.534379183059126,0
2025-04-19 00:10:25,-0.1533647029293555,81.04214565462027,26.892278878803275,0
2025-04-19 00:10:26,0.6435213388543489,143.31353909016838,24.821170348524216,2
2025-04-19 00:10:27,-0.0377360760298944,115.2805956314572,23.90054665131436,0
2025-04-19 00:10:28,0.0167174736866083,69.14396969580707,26.644104861216096,0
2025-04-19 00:10:29,0.3282574555412845,87.34489940229922,25.637981962495164,0
2025-04-19 00:10:30,-0.29678223090666,141.92882275163504,22.682593979984865,1
2025-04-19 00:10:31,0.4588650958381841,87.31428304621194,24.191042478305093,0
2025-04-19 00:10:32,-0.0474023695736968,95.28060025578056,25.579573980772093,0
2025-04-19 00:10:33,-0.128064320984226,114.8837142063007,25.579573980772093,0
2025-04-19 00:10:34,-0.3036313125780502,108.43092167073122,23.981154020210568,0
2025-04-19 00:10:35,-0.4964570015597307,105.33636792590804,20.628616015274588,0
2025-04-19 00:10:36,0.2469511751885743,93.21755441459922,25.78483477860555,0
2025-04-19 00:10:37,0.0219953901565211,107.40122230537912,23.16951896508404,0
2025-04-19 00:10:38,-0.3869882699223161,97.52534639800488,21.973991802816386,0
2025-04-19 00:10:39,-0.3885236316190848,109.1561121985157,20.751511112523787,0
2025-04-19 00:10:40,0.0576207468881589,120.06135949764044,26.22097129029661,1
2025-04-19 00:10:41,0.7009041420623989,126.34862051240918,25.19292617560745,1
2025-04-19 00:10:42,0.2754099301545498,110.20084414895972,24.661515428931622,1
2025-04-19 00:10:43,-0.4509428859354318,99.29984779987528,27.083536544444144,0
2025-04-19 00:10:44,-0.0737229192257832,83.7799827274231,25.955987024534608,0
2025-04-19 00:10:45,-0.0818170709243011,77.71907099676014,27.42445006408288,0
2025-04-19 00:10:46,-0.5780688896686053,165.17322295710778,23.480371955666715,2
2025-04-19 00:10:47,0.3214296336951124,134.2547955171532,24.94817406406905,1
2025-04-19 00:10:48,0.2327232916276056,145.65747469897144,22.574929937577977,1
2025-04-19 00:10:49,0.2088619094440255,91.37748860849804,24.6559265022168,0
2025-04-19 00:10:50,0.5546868284836035,108.16105693673512,24.627076219349984,0
2025-04-19 00:10:51,0.3379695088643272,111.01595144547326,25.939920455894605,0
2025-04-19 00:10:52,-0.0806666071664491,108.8954761566319,25.06834582171285,0
2025-04-19 00:10:53,-0.3319577726225011,83.48692634395715,25.935110707419877,0
2025-04-19 00:10:54,1.1993816116115426,162.9872696454238,27.4823612002687,2
2025-04-19 00:10:55,0.0177655302043464,107.28280592109324,28.232393016074717,0
2025-04-19 00:10:56,0.0041787875738838,100.14356933815884,24.52705501707081,0
2025-04-19 00:10:57,-0.0072375261330009,58.27044683257831,23.58846594900043,0
2025-04-19 00:10:58,0.6276685967287631,163.2097924794696,27.119262727475107,2
2025-04-19 00:10:59,-0.0433081235771827,144.25062078794485,23.796579959290685,0
2025-04-19 00:11:00,-0.1720986020640708,92.79921462486034,27.222941152654805,0
2025-04-19 00:11:01,0.3508442363932369,145.43845804289356,26.087988998518444,2
2025-04-19 00:11:02,-0.0098259810647995,107.46697119422797,24.151635448189012,0
2025-04-19 00:11:03,-0.1630274313401294,106.24756420933144,24.293026418273325,0
2025-04-19 00:11:04,-0.2138537348031493,123.85470330832828,26.07762613520746,0
2025-04-19 00:11:05,0.031929068307569,74.84263688182224,24.76337952515277,0
2025-04-19 00:11:06,0.3877080258230054,144.62760505149984,24.037499769804427,1
2025-04-19 00:11:07,0.7110078120795532,141.80844122502927,24.037499769804427,1
2025-04-19 00:11:08,-0.7952909425179036,97.15706926118908,23.715745239007376,0
2025-04-19 00:11:09,0.3274520555767385,106.7737463584338,25.05334911104949,0
2025-04-19 00:11:10,0.3738255577492887,120.58914963196716,25.978459227415343,0
2025-04-19 00:11:11,-0.6220170697224449,117.446307600569,22.55299733437439,0
2025-04-19 00:11:12,-0.1028062782241046,77.13961375852543,25.720390752108887,0
2025-04-19 00:11:13,-0.1114322597987374,116.40316373510969,23.417338486779325,0
2025-04-19 00:11:14,-0.4222535084153463,98.70622789934964,26.234174171251,0
2025-04-19 00:11:15,-0.0284121896977782,131.4574819603103,23.55602348212153,1
2025-04-19 00:11:16,-0.3331727536397486,101.46393982003389,26.03915354777329,0
2025-04-19 00:11:17,0.5256811330270867,96.9951402240348,26.658749599442068,0
2025-04-19 00:11:18,0.2807035179442383,123.8341499421413,26.292154788449206,0
2025-04-19 00:11:19,0.6537112270203456,128.32564080301574,25.376974972357157,1
2025-04-19 00:11:20,0.2165016192129705,77.60907743233662,24.65304858560545,0
2025-04-19 00:11:21,-0.3387155313651687,77.60907743233662,24.135370635497733,0
2025-04-19 00:11:22,-0.1573560798839321,103.5738943362095,27.206552036225656,0
2025-04-19 00:11:23,0.3102842825479869,154.58429568594102,23.95075716974853,1
2025-04-19 00:11:24,-0.3666383426675836,112.06189369897668,23.444400889645006,0
2025-04-19 00:11:25,0.6526962996041896,112.98929442505911,25.99805340254925,1
2025-04-19 00:11:26,0.4639165880917557,209.70379833357785,24.669328135107506,2
2025-04-19 00:11:27,0.0039848572331171,135.2955062195596,23.57490475380081,1
2025-04-19 00:11:28,0.2132879904610474,125.50781475998028,22.83459360674535,0
2025-04-19 00:11:29,0.1332789934458119,96.9657113284554,24.275635240809223,0
2025-04-19 00:11:30,-0.1082898497457239,110.66718489410898,24.87592746415526,0
2025-04-19 00:11:31,1.067242979330562,176.7893700903681,26.79823129790492,2
2025-04-19 00:11:32,-0.3243189982799692,124.36389423508513,26.426959366449225,0
2025-04-19 00:11:33,0.1847806820832791,121.1473661075645,25.79034688549869,0
2025-04-19 00:11:34,0.1779303773905151,117.44394000145957,24.71369167067023,0
2025-04-19 00:11:35,-0.092863931794197,93.69826537611785,24.70270648543042,0
2025-04-19 00:11:36,0.0978399066726354,88.56507916087877,25.765236203372776,0
2025-04-19 00:11:37,-0.3753340729155909,106.65215020648397,26.908855244392853,0
2025-04-19 00:11:38,0.2772081057620703,118.6625614468214,25.1894712992248,0
2025-04-19 00:11:39,0.0947939219256939,125.54558598446786,24.296303718684385,1
2025-04-19 00:11:40,-0.1568169061557118,121.30343931428771,23.51070099837168,0
2025-04-19 00:11:41,0.3147027677510667,129.05233490972358,22.83219210338166,0
2025-04-19 00:11:42,-0.2113031071628277,81.67358161853161,25.99940450806529,0
2025-04-19 00:11:43,-0.2113031071628277,83.26158592407441,25.866967785459337,0
2025-04-19 00:11:44,-0.2113031071628277,127.19249882189328,25.866045287659997,1
2025-04-19 00:11:45,0.1818029854036918,106.15225336378391,24.80701083047192,0
2025-04-19 00:11:46,-0.3841288057488849,89.50865972465898,27.110402118837627,0
2025-04-19 00:11:47,0.5264382545953094,127.04405357734288,24.27382225812277,0
2025-04-19 00:11:48,-0.4262900160076879,168.48133723036904,27.525389143347383,2
2025-04-19 00:11:49,0.5089369104870114,100.78894096481478,24.941885657515684,0
2025-04-19 00:11:50,0.3085808753684549,101.28180952262944,24.087473852980995,1
2025-04-19 00:11:51,-0.0290139335611177,73.68368367144986,25.88879546097664,0
2025-04-19 00:11:52,-0.1634757260426849,105.62018500563612,25.61445417802599,0
2025-04-19 00:11:53,0.1197408343056212,57.34808747690328,25.53545913890039,0
2025-04-19 00:11:54,0.3594425702284678,150.25274819288143,25.121917633084298,1
2025-04-19 00:11:55,0.3309905646049564,96.8369231125536,24.943160377424757,0
2025-04-19 00:11:56,0.380104534052874,224.86185939189463,28.943381674904497,2
2025-04-19 00:11:57,0.0450905284385632,146.15832501232222,26.77638496779426,0
2025-04-19 00:11:58,-0.1090836636641567,96.37101861504966,26.084240342478267,0
2025-04-19 00:11:59,-0.0170836871163202,97.8732599493737,25.16769873730508,0
2025-04-19 00:12:00,0.2027977345751135,149.91163028004058,26.510735800895,1
2025-04-19 00:12:01,-0.5130505177969876,134.06345219836075,25.776992164587178,0
2025-04-19 00:12:02,-0.3381124766632059,97.23941885127968,25.039307129161053,1
2025-04-19 00:12:03,0.9903106997586112,124.27249069290627,26.318973159613147,2
2025-04-19 00:12:04,0.6153029470281483,147.55930388891238,26.48927146634854,2
2025-04-19 00:12:05,-0.0551950009058037,111.65475166347728,20.24436139618292,0
2025-04-19 00:12:06,0.0055301799196179,109.93747181015196,25.31590125894646,0
2025-04-19 00:12:07,0.3176703496665248,151.39542909967702,24.26728587983446,1
2025-04-19 00:12:08,-0.1619279040928084,76.00604943269383,27.38900499742433,0
2025-04-19 00:12:09,-0.2334914176206937,53.67712274062247,25.029016106217632,0
2025-04-19 00:12:10,0.0587535765293044,117.1602839060429,23.21655487069756,0
2025-04-19 00:12:11,-0.2935118332845096,83.4360745406953,24.925179768807823,0
2025-04-19 00:12:12,0.1224758267143415,59.63024271222724,23.430818372406243,0
2025-04-19 00:12:13,-0.5107750812713521,102.90127491918764,25.7101111235687,0
2025-04-19 00:12:14,0.3087466911976931,115.86351376437356,25.436421046509228,0
2025-04-19 00:12:15,0.1417792447239129,97.55885735757444,26.4367594466624,0
2025-04-19 00:12:16,0.0768089202941627,90.8430322763502,23.813677312458157,0
2025-04-19 00:12:17,0.2948072951836541,96.81275535708188,25.05101214434222,0
2025-04-19 00:12:18,0.4996423333387729,92.58834475198434,22.952467306860047,0
2025-04-19 00:12:19,0.3043110195054391,73.03905776119666,26.052242172887077,0
2025-04-19 00:12:20,-0.5522622693994935,85.70638646019137,25.778306770660183,0
2025-04-19 00:12:21,-0.3838730900207104,110.42559810027628,25.74370753154136,0
2025-04-19 00:12:22,-0.1874455733087036,106.43357082753,25.00242854703541,0
2025-04-19 00:12:23,0.1983161502931735,133.3611961193364,25.622159336183188,1
2025-04-19 00:12:24,0.1552977061407369,80.09703036293241,27.40650866246289,0
2025-04-19 00:12:25,-0.0510269058514158,126.36993675728664,24.57235861443698,1
2025-04-19 00:12:26,0.0560300293431235,56.4586990711429,25.207967775565127,0
2025-04-19 00:12:27,-0.2266148797059967,103.5695332777078,23.370810551227883,0
2025-04-19 00:12:28,-0.2266148797059967,128.57715415627135,23.6976085576025,0
2025-04-19 00:12:29,-0.4219983290544666,70.51735735915788,25.14671993963996,0
2025-04-19 00:12:30,-0.2769699738332712,88.2814465336449,26.65590032005286,0
2025-04-19 00:12:31,-0.4055053816849001,106.5821355742026,24.61557876362264,0
2025-04-19 00:12:32,-0.2927619758931998,125.05685268854968,24.64612520603181,0
2025-04-19 00:12:33,0.3160925389823518,91.03550767399702,24.38967213324344,0
2025-04-19 00:12:34,-0.2848196666495829,86.15499341468207,24.197864993733518,0
2025-04-19 00:12:35,1.227636421175704,120.62153715167834,25.668556405408715,2
2025-04-19 00:12:36,0.1479953702642667,102.06876258616212,22.754113532232036,0
2025-04-19 00:12:37,0.0554508371084621,140.84152080287487,26.92140936500009,0
2025-04-19 00:12:38,-0.257507334054364,105.54716923929352,24.001866552805808,0
2025-04-19 00:12:39,0.2100929638226974,99.55442041632574,26.08285522815721,0
2025-04-19 00:12:40,0.0537341284894017,136.44164621533972,23.095002103909188,1
2025-04-19 00:12:41,0.0366029443936084,99.77815992102796,26.00326019581933,0
2025-04-19 00:12:42,0.7680253614806384,83.7397125547974,26.007916911721747,0
2025-04-19 00:12:43,0.1671486390612006,146.4655983135541,25.576303108008844,1
2025-04-19 00:12:44,0.3447819978857027,104.51523046223508,23.50835721730031,0
2025-04-19 00:12:45,-0.2109529275377662,100.35226503867317,25.37432228439712,0
2025-04-19 00:12:46,0.6385755976664866,100.35226503867317,24.27217747111772,2
2025-04-19 00:12:47,0.531240190690653,126.07015863869518,24.62085511735572,0
2025-04-19 00:12:48,-0.1880901173363302,113.2940549066622,26.54411965143299,0
2025-04-19 00:12:49,0.5437345673990785,88.94158325265396,26.195052890606117,0
2025-04-19 00:12:50,0.2123255806366426,120.03649707363874,25.022774413810648,0
2025-04-19 00:12:51,-0.1687400327682802,90.04858323229585,23.53779013611574,0
2025-04-19 00:12:52,0.3734519515597471,114.35993014977926,25.96838156826129,1
2025-04-19 00:12:53,0.2917663348880189,84.80593765039426,25.02907185654704,0
2025-04-19 00:12:54,0.2994236856643958,94.57862893823818,21.519526602654366,1
2025-04-19 00:12:55,0.0433632313972153,169.4308476083641,27.543063354882857,2
2025-04-19 00:12:56,0.0433632313972153,63.377102433233,24.963650749195462,0
2025-04-19 00:12:57,-0.0742555906654514,75.43112337468474,26.80367687197461,0
2025-04-19 00:12:58,-0.0223300287300138,58.488239818429335,23.357094221735792,0
2025-04-19 00:12:59,0.4575338310484312,158.2786061441821,21.27868115704637,2
2025-04-19 00:13:00,0.2766145954329245,126.99359079456256,25.41862578751778,1
2025-04-19 00:13:01,-0.4006033076130303,93.46607573627271,25.43734551502296,0
2025-04-19 00:13:02,0.1140593553017889,79.14844610658847,22.463992558590324,0
2025-04-19 00:13:03,0.1831757235851469,76.5553249312672,23.53225068120009,0
2025-04-19 00:13:04,0.5243241776556591,169.28739727093148,29.83889846312585,2
2025-04-19 00:13:05,0.3242342176663865,169.28739727093148,24.541584078769294,0
2025-04-19 00:13:06,0.2501766463646712,106.3271664307229,26.09643846456433,0
2025-04-19 00:13:07,0.3608151086451524,112.29502627751556,24.024010258947424,1
2025-04-19 00:13:08,-0.0210497134375941,103.62125485542164,21.864545651720263,0
2025-04-19 00:13:09,-0.4982882800547974,126.06556074632128,24.74461262980614,0
2025-04-19 00:13:10,0.1288854657397757,111.72331600785569,24.601593159570843,0
2025-04-19 00:13:11,0.0623063061489333,91.7517236356704,24.400182641997443,0
2025-04-19 00:13:12,0.081473651158612,105.14397940711856,24.82803874674041,0
2025-04-19 00:13:13,-0.1097087764046174,155.18669650939574,26.571364265093152,2
2025-04-19 00:13:14,-0.3243169621224787,100.15760369389456,26.571364265093152,0
2025-04-19 00:13:15,0.3159458559998711,93.48777895702992,23.103990748078957,0
2025-04-19 00:13:16,-0.0118665461569965,96.71329588229216,25.72927718734291,0
2025-04-19 00:13:17,0.2044502092117873,104.2418670614835,22.075942367016367,0
2025-04-19 00:13:18,0.0084955128391383,80.13282600836098,21.9244638140737,0
2025-04-19 00:13:19,0.1193914044828035,109.68242346020044,26.10877074205235,1
2025-04-19 00:13:20,0.587770511096121,102.22914892337576,25.760530408203035,1
2025-04-19 00:13:21,-0.1548134184652121,67.9945779099258,24.913906952388945,0
2025-04-19 00:13:22,0.028836233082295,75.65434615559042,22.906827242867397,0
2025-04-19 00:13:23,-0.1386825866115127,103.18925013608258,23.938133588988887,0
2025-04-19 00:13:24,0.8372166808479653,142.14424969016233,25.17550147761933,2
2025-04-19 00:13:25,-0.0927516370405918,110.27228928462192,22.60615904713883,0
2025-04-19 00:13:26,0.3200609177275813,130.69427497505126,23.89145701296515,1
2025-04-19 00:13:27,-0.1436245864990432,60.62991573123893,25.97849550726502,0
2025-04-19 00:13:28,0.7313784566956523,173.0995116844338,28.66143513333272,2
2025-04-19 00:13:29,-0.1949080315743726,146.2159729118342,24.37084787101217,1
2025-04-19 00:13:30,0.1919971825943635,110.12274650330292,26.134732531474143,1
2025-04-19 00:13:31,-0.1319193174822524,108.40383085789983,22.1289098941188,0
2025-04-19 00:13:32,0.4340933653061198,82.87003525181602,25.989176861670416,0
2025-04-19 00:13:33,0.0589664329534723,101.95340753496671,23.794077377908778,0
2025-04-19 00:13:34,0.4222544651516552,104.71003186090068,25.461018425061955,1
2025-04-19 00:13:35,-0.4456681119110915,64.13787094930846,24.62837137264044,0
2025-04-19 00:13:36,-0.4456681119110915,152.34365620774062,27.465108377102094,2
2025-04-19 00:13:37,0.5491242857766065,127.52542107450329,23.68834652749012,1
2025-04-19 00:13:38,0.0246851967826272,92.04640612770793,25.941409446342742,0
2025-04-19 00:13:39,0.4359460770756466,106.3193888355488,24.5807388050552,1
2025-04-19 00:13:40,-0.1551865350301116,92.00201875737726,24.762541782985505,0
2025-04-19 00:13:41,0.4228042320556739,105.38589505161468,24.724219160261185,0
2025-04-19 00:13:42,0.6896694370857751,99.10213939754928,23.73149034325883,0
2025-04-19 00:13:43,-0.1088515681318977,103.65002061198427,24.978851551139996,0
2025-04-19 00:13:44,0.1215456695129512,116.59769599091534,24.906027666817263,1
2025-04-19 00:13:45,0.4360153431353102,123.4343582943232,25.361860372610096,0
2025-04-19 00:13:46,0.4738716437192137,76.47653326890439,25.12675771853929,0
2025-04-19 00:13:47,-0.1568580081459804,109.75120594173436,26.196991824418355,0
2025-04-19 00:13:48,0.0395341520450095,153.63782185919922,26.385262924071053,1
2025-04-19 00:13:49,-0.0845353826581521,109.61816185497791,23.424065017258297,0
2025-04-19 00:13:50,-0.2147823904901693,125.9495154587034,26.303158750886155,1
2025-04-19 00:13:51,-0.2755955839452594,89.43405906674042,23.220495359335217,0
2025-04-19 00:13:52,-0.3012422300256203,120.72175302092512,25.8817838322066,0
2025-04-19 00:13:53,-0.2303392695312385,71.54050149476654,25.929608177054305,0
2025-04-19 00:13:54,-0.2303392695312385,80.59751479240713,22.133024662506244,0
2025-04-19 00:13:55,0.2850400105009691,122.04884469016557,25.139468869794115,1
2025-04-19 00:13:56,0.465150147844223,124.75307515023997,24.297255829959525,0
2025-04-19 00:13:57,-0.1756886793875221,137.5953527208179,23.861852113096937,1
2025-04-19 00:13:58,0.2952967195429751,80.6390848297951,27.02627849604851,0
2025-04-19 00:13:59,-0.0641966532676526,93.79384589230192,24.01948128904387,0
2025-04-19 00:14:00,0.5272343098124475,147.7135371180741,25.55560188850013,2
2025-04-19 00:14:01,0.3246363690667097,115.8042201553293,25.11354241000764,1
2025-04-19 00:14:02,-0.3368166064686895,119.5777911711356,26.028384619447625,0
2025-04-19 00:14:03,0.1147229238552151,72.56513741472989,24.78752712098481,0
2025-04-19 00:14:04,0.0499356624639168,132.17561711468747,26.74955581850388,0
2025-04-19 00:14:05,0.1477353792024447,116.56459380369246,25.79646349294613,0
2025-04-19 00:14:06,0.4039316074997299,151.81723341207396,21.73268302040285,1
2025-04-19 00:14:07,1.0863998053220467,120.74120975949484,24.20579955473949,1
2025-04-19 00:14:08,-0.1913219952753947,97.0011856184178,24.157236850972453,0
2025-04-19 00:14:09,0.1774699156938459,131.33696370950577,25.991514127598855,2
2025-04-19 00:14:10,-0.1869421579274293,89.50675185866393,21.06277441543883,0
2025-04-19 00:14:11,-0.1666431357480764,109.87309695286302,28.823514563076586,0
2025-04-19 00:14:12,-0.1912161381919553,125.92126123562792,25.79653914234132,0
2025-04-19 00:14:13,0.3567049593322655,77.85686366395097,25.22331520587654,0
2025-04-19 00:14:14,0.4261512743969564,92.68988126029468,26.77235157462872,0
2025-04-19 00:14:15,-0.1712238881248428,96.97401559534956,28.515481079218937,0
2025-04-19 00:14:16,-0.2497066719312686,72.0842159561503,26.306119966882605,0
2025-04-19 00:14:17,0.1414246669159212,111.826984835168,26.42321964470743,0
2025-04-19 00:14:18,0.0645291767328851,115.52019336514782,25.19603503669657,1
2025-04-19 00:14:19,0.1898795453266532,96.09219297645951,24.787711369949577,0
2025-04-19 00:14:20,0.0608769062553899,90.96101256176244,24.286306833992647,0
2025-04-19 00:14:21,-0.3094639867758568,114.21322988560652,23.760832012428185,1
2025-04-19 00:14:22,1.337972204231619,159.8591002903889,24.986882620700676,2
2025-04-19 00:14:23,0.8783234203216207,155.68780842863956,23.40058629797967,2
2025-04-19 00:14:24,-0.1838366071453158,92.56284235442668,24.886192823972465,0
2025-04-19 00:14:25,-0.1163104679807952,85.43076756639314,22.47299863416042,0
2025-04-19 00:14:26,0.0857596172174714,106.39049341565912,25.286374786215568,0
2025-04-19 00:14:27,0.1003370369961074,133.0723453698457,24.945504087936488,0
2025-04-19 00:14:28,0.9155442736200152,162.79774465678253,25.934810960537938,2
2025-04-19 00:14:29,0.6030613616299049,119.92236429822258,24.216802644970013,0
2025-04-19 00:14:30,-0.0530841682482148,72.19556149693075,29.615290555270757,0
2025-04-19 00:14:31,-0.2394891733615361,103.1552287858754,27.04017385027047,0
2025-04-19 00:14:32,-0.4137957684043581,78.05263362057866,23.13318624987292,0
2025-04-19 00:14:33,-0.0148961320365328,100.46150144936198,25.349302131140348,1
2025-04-19 00:14:34,-0.0099380918621391,85.21257185081927,24.087990785594016,0
2025-04-19 00:14:35,0.5383673590553363,123.83798668827146,24.087990785594016,0
2025-04-19 00:14:36,-0.1552833897108514,119.00031657339292,22.9898918933141,0
2025-04-19 00:14:37,0.0671363854916695,104.860094441088,25.64832503613888,0
2025-04-19 00:14:38,-0.0049268688218256,69.34598880220139,23.97792964739564,0
2025-04-19 00:14:39,0.3565179820344252,96.07438697224126,26.451739036037807,0
2025-04-19 00:14:40,0.7580797277620864,106.03400017803472,26.490673321795654,0
2025-04-19 00:14:41,0.1363196426351519,133.51072459157194,27.06087157781717,1
2025-04-19 00:14:42,0.2563164968583673,123.12412833038508,24.698455436518763,2
2025-04-19 00:14:43,0.8099345811562175,142.19364303960256,27.05471067179606,2
2025-04-19 00:14:44,0.8227163139899586,158.71844471702565,26.83862445933604,2
2025-04-19 00:14:45,0.55401219772081,110.7258181903438,24.28873273734405,0
2025-04-19 00:14:46,0.1751784555977891,56.07744357800107,23.84234206391069,0
2025-04-19 00:14:47,-0.1077876272361178,96.75752049040284,27.41428099866396,0
2025-04-19 00:14:48,0.3835613553573446,132.86097539757904,25.34124381359808,1
2025-04-19 00:14:49,0.7582552718701746,176.99223977032426,26.215145422607883,2
2025-04-19 00:14:50,0.4719047400990221,143.85715168474871,23.76688598225811,1
2025-04-19 00:14:51,0.1521822093321893,111.6514263761761,23.171073300216708,0
2025-04-19 00:14:52,1.1984407590433597,144.00118986596132,24.7039657679163,2
2025-04-19 00:14:53,0.3507886771337018,61.83995725753385,24.813967918915004,0
2025-04-19 00:14:54,0.4146476973112581,92.13894485877198,23.403669989773977,0
2025-04-19 00:14:55,0.1946129662768927,120.0326365041712,24.985232787024422,0
2025-04-19 00:14:56,-0.0501354240950563,127.86909055048864,22.46724221789725,0
2025-04-19 00:14:57,0.0440141059299968,114.2109820459557,23.319928866295196,0
2025-04-19 00:14:58,0.361952689952507,108.58681645603468,26.006366872415317,0
2025-04-19 00:14:59,-0.2450807012961708,107.5927929677193,25.90568578041684,0
2025-04-19 00:15:00,0.1106019926618703,88.87762506478438,24.4121848519197,0
2025-04-19 00:15:01,0.0046953853415215,127.3987941289276,23.47335353638457,1
2025-04-19 00:15:02,0.0086234468804452,133.3813905165266,23.458894672710983,0
2025-04-19 00:15:03,0.3835355587821896,81.14883988416247,24.44009763108803,0
2025-04-19 00:15:04,0.1702569432415968,162.29557581419704,25.966777737467936,1
2025-04-19 00:15:05,0.6588493201914691,153.55943691015884,27.61661126411471,2
2025-04-19 00:15:06,-0.4079568422939758,126.50864218190156,24.255202396777047,0
2025-04-19 00:15:07,0.2238760698081662,71.86369981004924,23.269761361022823,0
2025-04-19 00:15:08,0.1936452543423226,111.718084023293,25.4017654567995,0
2025-04-19 00:15:09,0.648976416991638,85.26459728104756,23.764697544061224,0
2025-04-19 00:15:10,-0.0923334704859002,71.69465616151625,24.2226210417082,0
2025-04-19 00:15:11,0.249891329057536,134.3706808482189,26.98791413565556,1
2025-04-19 00:15:12,0.0748151051132265,120.18943577191938,26.240673142848653,0
2025-04-19 00:15:13,0.5814340777651459,120.18943577191938,25.236961468377174,1
2025-04-19 00:15:14,0.1806490194479068,100.01968079083198,23.092121498330915,1
2025-04-19 00:15:15,0.2707820322639409,158.1631047133009,26.388808134634733,2
2025-04-19 00:15:16,0.1823689529149617,98.25129342445638,26.59398593618129,0
2025-04-19 00:15:17,0.7302876141644943,170.96639255108997,24.810949933034856,2
2025-04-19 00:15:18,-0.1339300843651584,118.99189142728976,27.026671134980077,0
2025-04-19 00:15:19,0.0582269978694922,98.81169637455012,26.93911793427731,0
2025-04-19 00:15:20,0.3220895249579316,137.11006629588525,27.49559924821521,0
2025-04-19 00:15:21,-0.3079545898233181,104.48469489070584,25.45786468979703,0
2025-04-19 00:15:22,0.0866390745610964,123.071469879862,25.88108754970902,1
2025-04-19 00:15:23,-0.2100362444817519,67.76865281794343,27.121280932496635,0
2025-04-19 00:15:24,0.3585139886774527,94.74680959367664,25.671090905603464,0
2025-04-19 00:15:25,-0.4569560714351324,93.27226109177728,24.24814883831468,0
2025-04-19 00:15:26,-0.1676765541814765,119.2060959256294,24.327185745208208,0
2025-04-19 00:15:27,0.1131635625193562,109.24967248133709,25.357832430660608,0
2025-04-19 00:15:28,0.827600997939788,106.41261756734764,23.064157867080677,1
2025-04-19 00:15:29,-0.0197250783218963,103.44508772822076,24.78511162695371,0
2025-04-19 00:15:30,-0.1665598580079595,113.43062343458108,26.64482067734538,0
2025-04-19 00:15:31,0.564347120832177,130.5606271877567,21.71311922325208,0
2025-04-19 00:15:32,0.564347120832177,117.7500793482812,27.30172315269177,0
2025-04-19 00:15:33,-0.6596417869860246,115.21693308622956,26.68356132805474,0
2025-04-19 00:15:34,0.1320043350159997,101.20171989230327,24.310353076254284,0
2025-04-19 00:15:35,0.2270318047932996,167.766240108469,27.38306016477963,2
2025-04-19 00:15:36,-0.3063698451392139,124.99009801412318,25.00472159035949,0
2025-04-19 00:15:37,0.2125069341898059,73.344452050407,26.844985552658024,0
2025-04-19 00:15:38,0.0731402141313596,93.01121345566088,26.47402471415491,0
2025-04-19 00:15:39,0.0153766442591983,114.54862502487518,22.899893915225487,1
2025-04-19 00:15:40,-0.3840913196012683,107.58306237452248,25.880893620196264,0
2025-04-19 00:15:41,0.2617371984840433,124.60444351301577,24.69155821953513,0
2025-04-19 00:15:42,0.3788648716934655,118.06051426557852,25.12424885577715,1
2025-04-19 00:15:43,-0.0297527591338148,52.19391265061124,23.90774214854528,0
2025-04-19 00:15:44,0.5539910988142998,91.7555850995106,27.62220560368125,0
2025-04-19 00:15:45,-0.3210254298978457,118.26947464034814,26.560092729853864,0
2025-04-19 00:15:46,-0.4576575512774216,110.7525980589976,23.89034325404055,0
2025-04-19 00:15:47,-0.2075724209643733,110.7525980589976,22.99808408963465,0
2025-04-19 00:15:48,-0.0136758049066493,94.4001339625104,24.421491053533227,0
2025-04-19 00:15:49,0.0730018347968075,74.41938527560427,25.65175396913696,0
2025-04-19 00:15:50,-0.0723708173568989,110.30588643248934,25.36030876591933,0
2025-04-19 00:15:51,0.105616618954289,83.3143637993075,26.87969923715237,0
2025-04-19 00:15:52,0.2122207126421958,203.68193466760917,26.87969923715237,2
2025-04-19 00:15:53,0.6463790955715424,141.41014416709032,26.45435353862936,1
2025-04-19 00:15:54,0.1372057049998201,118.387033948921,25.49028310091565,1
2025-04-19 00:15:55,0.3351887494764383,87.77229505222743,22.916051904683517,0
2025-04-19 00:15:56,0.1028176039133112,98.14111586772825,24.70645220327965,0
2025-04-19 00:15:57,0.1370259657461351,95.209961559565,26.590134609863,0
2025-04-19 00:15:58,0.1709301840696611,122.3366755105991,24.922715607213032,0
2025-04-19 00:15:59,0.3702138793241881,163.72832339488093,26.923376590298822,2
2025-04-19 00:16:00,0.1928168279602631,85.36736522182943,24.5218775271308,0
2025-04-19 00:16:01,0.3987457590397294,137.80881370311565,23.455282227187237,0
2025-04-19 00:16:02,0.058956350910441,100.98616663040444,24.814983903930838,0
2025-04-19 00:16:03,0.2127011272765537,115.37679351937794,25.46357116454898,0
2025-04-19 00:16:04,-0.026920708286168,87.83546985110482,24.016468420807836,0
2025-04-19 00:16:05,0.4320351646348418,107.26231255489049,24.646433132715,0
2025-04-19 00:16:06,-0.2029176906177809,106.2221998228639,23.590805137021025,0
2025-04-19 00:16:07,0.713951349185453,92.20701415807694,26.678867376346144,1
2025-04-19 00:16:08,-0.012047385193303,140.30550220921282,24.558316363617948,0
2025-04-19 00:16:09,0.0393625036756439,185.81288921845092,27.574052845982195,2
2025-04-19 00:16:10,0.3975713612495172,185.81288921845092,27.293121775811365,1
2025-04-19 00:16:11,-0.2043154972424642,77.95460519088289,24.878431052917385,0
2025-04-19 00:16:12,0.5398644833352289,136.95123227607104,23.48732690117897,1
2025-04-19 00:16:13,-0.1957871937907172,101.73395398828794,21.871153183399997,0
2025-04-19 00:16:14,0.5589761468699619,167.11337897126458,23.63922203923897,2
2025-04-19 00:16:15,-0.5668622192836593,103.8315479238818,22.93924776265201,0
2025-04-19 00:16:16,-0.135691895774723,110.12481978611852,22.93924776265201,0
2025-04-19 00:16:17,-0.727163797988687,128.94611398783613,25.17373688084042,0
2025-04-19 00:16:18,-0.475170847045717,111.36206410257292,25.584406786137983,0
2025-04-19 00:16:19,0.3822878189426051,139.00689002180118,23.645827177842065,2
2025-04-19 00:16:20,0.2357400475952496,127.25125705424904,23.203050356174103,0
2025-04-19 00:16:21,0.1276372685354894,132.81229126976575,26.33061966466943,0
2025-04-19 00:16:22,-0.2900928429387638,163.0411346902417,25.43016116857388,0
2025-04-19 00:16:23,0.4734670915562324,137.53011933520804,25.40479218396158,2
2025-04-19 00:16:24,-0.0010807617271705,104.8576402630055,25.847263537900183,0
2025-04-19 00:16:25,-0.3475094067577628,58.35802593622026,27.45369670920372,0
2025-04-19 00:16:26,0.4510194905301452,111.06298312758418,24.668436304694424,0
2025-04-19 00:16:27,0.5048888446210128,119.03599403666456,25.104054703987103,1
2025-04-19 00:16:28,-0.0662892521488991,138.46891589649906,25.28889537809696,0
2025-04-19 00:16:29,0.0080657516983592,84.50770059962836,25.28889537809696,0
2025-04-19 00:16:30,0.0625148423842657,66.21633924065478,21.850965603371463,0
2025-04-19 00:16:31,-0.2958083817269574,120.5747251859496,26.02483452218321,1
2025-04-19 00:16:32,-0.074153214756179,60.49024457565725,24.827796626861403,0
2025-04-19 00:16:33,-0.2045952743993395,115.0219890901462,25.850157589276268,0
2025-04-19 00:16:34,-0.3004860029684746,58.69833907487359,24.013941169007914,0
2025-04-19 00:16:35,0.1133648565256669,130.56915162366317,24.92655245371233,1
2025-04-19 00:16:36,1.2950209916427315,118.44376360287606,27.60861583845668,2
2025-04-19 00:16:37,0.1922528583801029,93.59404390926716,29.66936530156576,0
2025-04-19 00:16:38,-0.171353696934839,132.86756311609068,26.212054284103107,0
2025-04-19 00:16:39,0.1717748344068475,132.86756311609068,23.72790160295424,0
